{
	"schemaVersion": 1,
	"id": "firecubed",
	"version": "${version}",
	"name": "FIRE FIRE FIRE!!!",
	"description": "This is an example description! Tell everyone what your mod is about!",
	"authors": [
		"Me!"
	],
	"contact": {
		"homepage": "https://fabricmc.net/",
		"sources": "https://github.com/FabricMC/fabric-example-mod"
	},
	"license": "CC0-1.0",
	"icon": "assets/firecubed/icon.png",
	"environment": "*",
	"entrypoints": {
		"main": [
			"net.acentan.fire3.FIREFIREFIRE"
		],
		"fabric-datagen": [
			"net.acentan.fire3.FIREFIREFIREDataGenerator"
		]
	},
	"mixins": [
		"firecubed.mixins.json"
	],
	"depends": {
		"fabricloader": ">=0.15.6",
		"minecraft": "~1.20.4",
		"java": ">=17",
		"fabric-api": "*"
	},
	"suggests": {
		"another-mod": "*"
	}
}